<?xml version="1.0" encoding="utf-8"?>
<install type="module" version="1.5.0">
  <name>Paymentnepal payment gateway</name>
  <author>Forcode</author>
  <creationDate>Apr 2021</creationDate>
  <copyright>(c) 2021 Forcode</copyright>
  <license>http://www.gnu.org/copyleft/gpl.html GNU/GPL</license>
  <authorEmail></authorEmail> 
  <authorUrl></authorUrl>
  <version>1.0.0</version>
  <description>Paymentnepal payment gateway module for Joomla! 1.5.</description>
  <files>
    <filename module="mod_paymentnepal">mod_paymentnepal.php</filename>
    <filename>index.html</filename>
    <filename>parse.inc.php</filename>
    <filename>process.php</filename>
    <filename>payed.php</filename>
    <filename>fail.php</filename>
    <filename>readme.txt</filename>
    <filename>images/index.html</filename>
    <filename>images/button_small.png</filename>
  </files>
  <params>
    <param name="paymentnepal_process" type="text" size="60" default="/modules/mod_paymentnepal/process.php" label="Result URL" description="Callback handler URL" />
    <param name="paymentnepal_success" type="text" size="60" default="/modules/mod_paymentnepal/payed.php" label="Success URL" description="URL to redirect customer after success payment" />
    <param name="paymentnepal_fail" type="text" size="60" default="/modules/mod_paymentnepal/fail.php" label="Fail URL" description="URL to redirect customer after success payment" />
    <param name="paymentnepal_skey" size="40" type="text" default="" label="Secret key" description="Enter secret key from service settings inside your Paymentnepal merchant area" />
    <param name="paymentnepal_key" size="80" type="text" default="" label="Payment key" description="Enter payment key from service settings inside your Paymentnepal merchant area" />
  </params>
</install>
